consumer,continent_origin,item_origin_category,final_product,ghg_Gt
EU-27,Africa,"Agriculture, animal products",Leather and leather products (19),0.02699037535
EU-27,Africa,"Agriculture, animal products",Textiles (17),0.00810146196
EU-27,Africa,"Agriculture, animal products",Wearing apparel; furs (18),0.01791749565
EU-27,Africa,"Agriculture, fibre crops",Leather and leather products (19),3.949181e-05
EU-27,Africa,"Agriculture, fibre crops",Textiles (17),0.00122615918
EU-27,Africa,"Agriculture, fibre crops",Wearing apparel; furs (18),0.00045970677
EU-27,Africa,"Agriculture, other crops",Leather and leather products (19),0.00146831509
EU-27,Africa,"Agriculture, other crops",Textiles (17),0.00132645658
EU-27,Africa,"Agriculture, other crops",Wearing apparel; furs (18),0.00233539075
EU-27,Africa,Electricity,Leather and leather products (19),0.00375215923
EU-27,Africa,Electricity,Textiles (17),0.00628638642
EU-27,Africa,Electricity,Wearing apparel; furs (18),0.00473115885
EU-27,Africa,Fish,Leather and leather products (19),3.70488e-06
EU-27,Africa,Fish,Textiles (17),1.65066e-06
EU-27,Africa,Fish,Wearing apparel; furs (18),4.15058e-06
EU-27,Africa,Food products,Leather and leather products (19),0.0004710038
EU-27,Africa,Food products,Textiles (17),0.00014236603
EU-27,Africa,Food products,Wearing apparel; furs (18),0.00077731098
EU-27,Africa,Forestry,Leather and leather products (19),9.19064e-06
EU-27,Africa,Forestry,Textiles (17),1.024488e-05
EU-27,Africa,Forestry,Wearing apparel; furs (18),1.603719e-05
EU-27,Africa,Fossil fuels,Leather and leather products (19),0.00211018507
EU-27,Africa,Fossil fuels,Textiles (17),0.00394456084
EU-27,Africa,Fossil fuels,Wearing apparel; furs (18),0.00467534758
EU-27,Africa,Leather and leather products (19),Leather and leather products (19),0.00344557009
EU-27,Africa,Leather and leather products (19),Textiles (17),9.91205e-06
EU-27,Africa,Leather and leather products (19),Wearing apparel; furs (18),6.990897e-05
EU-27,Africa,Manufactured products,Leather and leather products (19),0.00086714029
EU-27,Africa,Manufactured products,Textiles (17),0.00114747368
EU-27,Africa,Manufactured products,Wearing apparel; furs (18),0.00172005932
EU-27,Africa,Mining,Leather and leather products (19),0.00041592517
EU-27,Africa,Mining,Textiles (17),0.00028977253
EU-27,Africa,Mining,Wearing apparel; furs (18),0.00056694643
EU-27,Africa,Services,Leather and leather products (19),0.00096867268
EU-27,Africa,Services,Textiles (17),0.00086892946
EU-27,Africa,Services,Wearing apparel; furs (18),0.00191549161
EU-27,Africa,Textiles (17),Leather and leather products (19),0.00017609332
EU-27,Africa,Textiles (17),Textiles (17),0.00630354112
EU-27,Africa,Textiles (17),Wearing apparel; furs (18),0.00184075416
EU-27,Africa,Wearing apparel; furs (18),Leather and leather products (19),2.566813e-05
EU-27,Africa,Wearing apparel; furs (18),Textiles (17),2.504902e-05
EU-27,Africa,Wearing apparel; furs (18),Wearing apparel; furs (18),0.01593654445
EU-27,Africa,Wood products,Leather and leather products (19),0.00022417637
EU-27,Africa,Wood products,Textiles (17),0.00026629756
EU-27,Africa,Wood products,Wearing apparel; furs (18),0.00032125403
EU-27,Asia,"Agriculture, animal products",Leather and leather products (19),0.0769274009
EU-27,Asia,"Agriculture, animal products",Textiles (17),0.00876301541
EU-27,Asia,"Agriculture, animal products",Wearing apparel; furs (18),0.01493403801
EU-27,Asia,"Agriculture, fibre crops",Leather and leather products (19),0.00118962251
EU-27,Asia,"Agriculture, fibre crops",Textiles (17),0.00664182751
EU-27,Asia,"Agriculture, fibre crops",Wearing apparel; furs (18),0.00686343929
EU-27,Asia,"Agriculture, other crops",Leather and leather products (19),0.00493489518
EU-27,Asia,"Agriculture, other crops",Textiles (17),0.00825383087
EU-27,Asia,"Agriculture, other crops",Wearing apparel; furs (18),0.01240512448
EU-27,Asia,Electricity,Leather and leather products (19),0.03090024093
EU-27,Asia,Electricity,Textiles (17),0.04631175951
EU-27,Asia,Electricity,Wearing apparel; furs (18),0.06304453133
EU-27,Asia,Fish,Leather and leather products (19),6.27392e-06
EU-27,Asia,Fish,Textiles (17),6.54846e-06
EU-27,Asia,Fish,Wearing apparel; furs (18),8.77368e-06
EU-27,Asia,Food products,Leather and leather products (19),0.00071586037
EU-27,Asia,Food products,Textiles (17),0.000601
EU-27,Asia,Food products,Wearing apparel; furs (18),0.00145412159
EU-27,Asia,Forestry,Leather and leather products (19),0.00018273829
EU-27,Asia,Forestry,Textiles (17),0.00023777976
EU-27,Asia,Forestry,Wearing apparel; furs (18),0.00038556461
EU-27,Asia,Fossil fuels,Leather and leather products (19),0.02673560338
EU-27,Asia,Fossil fuels,Textiles (17),0.06949477638
EU-27,Asia,Fossil fuels,Wearing apparel; furs (18),0.07664664234
EU-27,Asia,Leather and leather products (19),Leather and leather products (19),0.01809912272
EU-27,Asia,Leather and leather products (19),Textiles (17),0.00028100774
EU-27,Asia,Leather and leather products (19),Wearing apparel; furs (18),0.00091237209
EU-27,Asia,Manufactured products,Leather and leather products (19),0.01799317308
EU-27,Asia,Manufactured products,Textiles (17),0.03752046424
EU-27,Asia,Manufactured products,Wearing apparel; furs (18),0.04429317586
EU-27,Asia,Mining,Leather and leather products (19),0.00090341707
EU-27,Asia,Mining,Textiles (17),0.00199988018
EU-27,Asia,Mining,Wearing apparel; furs (18),0.00219700384
EU-27,Asia,Services,Leather and leather products (19),0.01039775433
EU-27,Asia,Services,Textiles (17),0.01882917116
EU-27,Asia,Services,Wearing apparel; furs (18),0.02733328866
EU-27,Asia,Textiles (17),Leather and leather products (19),0.00157436475
EU-27,Asia,Textiles (17),Textiles (17),0.02915049205
EU-27,Asia,Textiles (17),Wearing apparel; furs (18),0.01380701826
EU-27,Asia,Wearing apparel; furs (18),Leather and leather products (19),0.0001760292
EU-27,Asia,Wearing apparel; furs (18),Textiles (17),0.00032290841
EU-27,Asia,Wearing apparel; furs (18),Wearing apparel; furs (18),0.0345908749
EU-27,Asia,Wood products,Leather and leather products (19),0.00154702803
EU-27,Asia,Wood products,Textiles (17),0.00138309225
EU-27,Asia,Wood products,Wearing apparel; furs (18),0.00232816663
EU-27,Australia,"Agriculture, animal products",Leather and leather products (19),0.00020315121
EU-27,Australia,"Agriculture, animal products",Textiles (17),0.0004404381
EU-27,Australia,"Agriculture, animal products",Wearing apparel; furs (18),0.00046490123
EU-27,Australia,"Agriculture, fibre crops",Leather and leather products (19),8.95129e-06
EU-27,Australia,"Agriculture, fibre crops",Textiles (17),8.478519e-05
EU-27,Australia,"Agriculture, fibre crops",Wearing apparel; furs (18),6.05003e-05
EU-27,Australia,"Agriculture, other crops",Leather and leather products (19),4.276099e-05
EU-27,Australia,"Agriculture, other crops",Textiles (17),8.777198e-05
EU-27,Australia,"Agriculture, other crops",Wearing apparel; furs (18),9.365217e-05
EU-27,Australia,Electricity,Leather and leather products (19),9.375183e-05
EU-27,Australia,Electricity,Textiles (17),0.00019002595
EU-27,Australia,Electricity,Wearing apparel; furs (18),0.00022250211
EU-27,Australia,Fish,Leather and leather products (19),1.791e-08
EU-27,Australia,Fish,Textiles (17),2.928e-08
EU-27,Australia,Fish,Wearing apparel; furs (18),3.486e-08
EU-27,Australia,Food products,Leather and leather products (19),8.92103e-06
EU-27,Australia,Food products,Textiles (17),9.59775e-06
EU-27,Australia,Food products,Wearing apparel; furs (18),3.316754e-05
EU-27,Australia,Forestry,Leather and leather products (19),2.79152e-06
EU-27,Australia,Forestry,Textiles (17),3.22568e-06
EU-27,Australia,Forestry,Wearing apparel; furs (18),4.78844e-06
EU-27,Australia,Fossil fuels,Leather and leather products (19),0.00032870422
EU-27,Australia,Fossil fuels,Textiles (17),0.00062349053
EU-27,Australia,Fossil fuels,Wearing apparel; furs (18),0.0006531594
EU-27,Australia,Leather and leather products (19),Leather and leather products (19),2.73961e-06
EU-27,Australia,Leather and leather products (19),Textiles (17),1.1057e-07
EU-27,Australia,Leather and leather products (19),Wearing apparel; furs (18),1.9719e-07
EU-27,Australia,Manufactured products,Leather and leather products (19),4.917422e-05
EU-27,Australia,Manufactured products,Textiles (17),0.0001321413
EU-27,Australia,Manufactured products,Wearing apparel; furs (18),0.00011848824
EU-27,Australia,Mining,Leather and leather products (19),2.642812e-05
EU-27,Australia,Mining,Textiles (17),4.195712e-05
EU-27,Australia,Mining,Wearing apparel; furs (18),5.022693e-05
EU-27,Australia,Services,Leather and leather products (19),5.930809e-05
EU-27,Australia,Services,Textiles (17),0.00016088278
EU-27,Australia,Services,Wearing apparel; furs (18),0.00014514309
EU-27,Australia,Textiles (17),Leather and leather products (19),8.8573e-07
EU-27,Australia,Textiles (17),Textiles (17),2.170195e-05
EU-27,Australia,Textiles (17),Wearing apparel; furs (18),9.64526e-06
EU-27,Australia,Wearing apparel; furs (18),Leather and leather products (19),1.4635e-07
EU-27,Australia,Wearing apparel; furs (18),Textiles (17),2.2987e-07
EU-27,Australia,Wearing apparel; furs (18),Wearing apparel; furs (18),1.87769e-05
EU-27,Australia,Wood products,Leather and leather products (19),2.80284e-06
EU-27,Australia,Wood products,Textiles (17),3.58404e-06
EU-27,Australia,Wood products,Wearing apparel; furs (18),4.13641e-06
EU-27,EU,"Agriculture, animal products",Leather and leather products (19),0.00714667286
EU-27,EU,"Agriculture, animal products",Textiles (17),0.00114620472
EU-27,EU,"Agriculture, animal products",Wearing apparel; furs (18),0.00265445545
EU-27,EU,"Agriculture, fibre crops",Leather and leather products (19),1.574192e-05
EU-27,EU,"Agriculture, fibre crops",Textiles (17),0.00048216656
EU-27,EU,"Agriculture, fibre crops",Wearing apparel; furs (18),0.00020231974
EU-27,EU,"Agriculture, other crops",Leather and leather products (19),0.00152477906
EU-27,EU,"Agriculture, other crops",Textiles (17),0.00168560633
EU-27,EU,"Agriculture, other crops",Wearing apparel; furs (18),0.00473226899
EU-27,EU,Electricity,Leather and leather products (19),0.01006239882
EU-27,EU,Electricity,Textiles (17),0.02562279621
EU-27,EU,Electricity,Wearing apparel; furs (18),0.02608270109
EU-27,EU,Fish,Leather and leather products (19),1.112865e-05
EU-27,EU,Fish,Textiles (17),1.208368e-05
EU-27,EU,Fish,Wearing apparel; furs (18),2.580719e-05
EU-27,EU,Food products,Leather and leather products (19),0.0006972082
EU-27,EU,Food products,Textiles (17),0.00023471476
EU-27,EU,Food products,Wearing apparel; furs (18),0.00036546791
EU-27,EU,Forestry,Leather and leather products (19),0.00010852528
EU-27,EU,Forestry,Textiles (17),0.00016061516
EU-27,EU,Forestry,Wearing apparel; furs (18),0.00019557718
EU-27,EU,Fossil fuels,Leather and leather products (19),0.00619815236
EU-27,EU,Fossil fuels,Textiles (17),0.024425025
EU-27,EU,Fossil fuels,Wearing apparel; furs (18),0.02726480504
EU-27,EU,Leather and leather products (19),Leather and leather products (19),0.00413419915
EU-27,EU,Leather and leather products (19),Textiles (17),1.609902e-05
EU-27,EU,Leather and leather products (19),Wearing apparel; furs (18),8.494944e-05
EU-27,EU,Manufactured products,Leather and leather products (19),0.00687034675
EU-27,EU,Manufactured products,Textiles (17),0.00949778791
EU-27,EU,Manufactured products,Wearing apparel; furs (18),0.00988191565
EU-27,EU,Mining,Leather and leather products (19),0.00066439878
EU-27,EU,Mining,Textiles (17),0.00102572532
EU-27,EU,Mining,Wearing apparel; furs (18),0.0019108447
EU-27,EU,Services,Leather and leather products (19),0.01213065823
EU-27,EU,Services,Textiles (17),0.01918665777
EU-27,EU,Services,Wearing apparel; furs (18),0.02888072463
EU-27,EU,Textiles (17),Leather and leather products (19),0.00022976149
EU-27,EU,Textiles (17),Textiles (17),0.01379954793
EU-27,EU,Textiles (17),Wearing apparel; furs (18),0.00339360436
EU-27,EU,Wearing apparel; furs (18),Leather and leather products (19),0.00012817296
EU-27,EU,Wearing apparel; furs (18),Textiles (17),0.00013478806
EU-27,EU,Wearing apparel; furs (18),Wearing apparel; furs (18),0.03705140022
EU-27,EU,Wood products,Leather and leather products (19),0.00084596142
EU-27,EU,Wood products,Textiles (17),0.0012309929
EU-27,EU,Wood products,Wearing apparel; furs (18),0.00122607493
EU-27,Latin America,"Agriculture, animal products",Leather and leather products (19),0.00153651748
EU-27,Latin America,"Agriculture, animal products",Textiles (17),0.00097467817
EU-27,Latin America,"Agriculture, animal products",Wearing apparel; furs (18),0.00110563352
EU-27,Latin America,"Agriculture, fibre crops",Leather and leather products (19),3.06194e-05
EU-27,Latin America,"Agriculture, fibre crops",Textiles (17),0.00039273261
EU-27,Latin America,"Agriculture, fibre crops",Wearing apparel; furs (18),0.00023738939
EU-27,Latin America,"Agriculture, other crops",Leather and leather products (19),0.00033780947
EU-27,Latin America,"Agriculture, other crops",Textiles (17),0.00058120033
EU-27,Latin America,"Agriculture, other crops",Wearing apparel; furs (18),0.00066164944
EU-27,Latin America,Electricity,Leather and leather products (19),0.00079872143
EU-27,Latin America,Electricity,Textiles (17),0.00100920343
EU-27,Latin America,Electricity,Wearing apparel; furs (18),0.0008166556
EU-27,Latin America,Fish,Leather and leather products (19),5.73609e-06
EU-27,Latin America,Fish,Textiles (17),2.80698e-06
EU-27,Latin America,Fish,Wearing apparel; furs (18),3.97441e-06
EU-27,Latin America,Food products,Leather and leather products (19),0.00038196595
EU-27,Latin America,Food products,Textiles (17),0.00019619595
EU-27,Latin America,Food products,Wearing apparel; furs (18),0.00027160187
EU-27,Latin America,Forestry,Leather and leather products (19),2.145306e-05
EU-27,Latin America,Forestry,Textiles (17),1.656049e-05
EU-27,Latin America,Forestry,Wearing apparel; furs (18),1.985809e-05
EU-27,Latin America,Fossil fuels,Leather and leather products (19),0.00122445107
EU-27,Latin America,Fossil fuels,Textiles (17),0.00191563914
EU-27,Latin America,Fossil fuels,Wearing apparel; furs (18),0.00206004559
EU-27,Latin America,Leather and leather products (19),Leather and leather products (19),0.00069127378
EU-27,Latin America,Leather and leather products (19),Textiles (17),8.09468e-06
EU-27,Latin America,Leather and leather products (19),Wearing apparel; furs (18),1.797676e-05
EU-27,Latin America,Manufactured products,Leather and leather products (19),0.00060559615
EU-27,Latin America,Manufactured products,Textiles (17),0.00114983726
EU-27,Latin America,Manufactured products,Wearing apparel; furs (18),0.00074175169
EU-27,Latin America,Mining,Leather and leather products (19),0.00022809348
EU-27,Latin America,Mining,Textiles (17),0.00042115673
EU-27,Latin America,Mining,Wearing apparel; furs (18),0.00052493366
EU-27,Latin America,Services,Leather and leather products (19),0.00049910784
EU-27,Latin America,Services,Textiles (17),0.00053788787
EU-27,Latin America,Services,Wearing apparel; furs (18),0.00055242237
EU-27,Latin America,Textiles (17),Leather and leather products (19),2.685692e-05
EU-27,Latin America,Textiles (17),Textiles (17),0.000862088
EU-27,Latin America,Textiles (17),Wearing apparel; furs (18),0.00021738409
EU-27,Latin America,Wearing apparel; furs (18),Leather and leather products (19),7.90607e-06
EU-27,Latin America,Wearing apparel; furs (18),Textiles (17),9.89809e-06
EU-27,Latin America,Wearing apparel; furs (18),Wearing apparel; furs (18),0.00114243419
EU-27,Latin America,Wood products,Leather and leather products (19),5.710798e-05
EU-27,Latin America,Wood products,Textiles (17),4.533358e-05
EU-27,Latin America,Wood products,Wearing apparel; furs (18),5.682338e-05
EU-27,Middle East,"Agriculture, animal products",Leather and leather products (19),0.00029898019
EU-27,Middle East,"Agriculture, animal products",Textiles (17),0.00085413224
EU-27,Middle East,"Agriculture, animal products",Wearing apparel; furs (18),0.00068347908
EU-27,Middle East,"Agriculture, fibre crops",Leather and leather products (19),9.16665e-06
EU-27,Middle East,"Agriculture, fibre crops",Textiles (17),0.00035248932
EU-27,Middle East,"Agriculture, fibre crops",Wearing apparel; furs (18),0.00013830972
EU-27,Middle East,"Agriculture, other crops",Leather and leather products (19),0.00013157707
EU-27,Middle East,"Agriculture, other crops",Textiles (17),0.00040100424
EU-27,Middle East,"Agriculture, other crops",Wearing apparel; furs (18),0.00035688691
EU-27,Middle East,Electricity,Leather and leather products (19),0.00117634842
EU-27,Middle East,Electricity,Textiles (17),0.00624070005
EU-27,Middle East,Electricity,Wearing apparel; furs (18),0.00474270656
EU-27,Middle East,Fish,Leather and leather products (19),5.567e-08
EU-27,Middle East,Fish,Textiles (17),1.082e-07
EU-27,Middle East,Fish,Wearing apparel; furs (18),1.1638e-07
EU-27,Middle East,Food products,Leather and leather products (19),2.904338e-05
EU-27,Middle East,Food products,Textiles (17),3.066962e-05
EU-27,Middle East,Food products,Wearing apparel; furs (18),5.947346e-05
EU-27,Middle East,Forestry,Leather and leather products (19),1.08684e-06
EU-27,Middle East,Forestry,Textiles (17),3.25886e-06
EU-27,Middle East,Forestry,Wearing apparel; furs (18),2.62281e-06
EU-27,Middle East,Fossil fuels,Leather and leather products (19),0.00272373222
EU-27,Middle East,Fossil fuels,Textiles (17),0.00607988213
EU-27,Middle East,Fossil fuels,Wearing apparel; furs (18),0.00654667791
EU-27,Middle East,Leather and leather products (19),Leather and leather products (19),0.0003830181
EU-27,Middle East,Leather and leather products (19),Textiles (17),4.70936e-06
EU-27,Middle East,Leather and leather products (19),Wearing apparel; furs (18),2.296005e-05
EU-27,Middle East,Manufactured products,Leather and leather products (19),0.00106883792
EU-27,Middle East,Manufactured products,Textiles (17),0.00408066868
EU-27,Middle East,Manufactured products,Wearing apparel; furs (18),0.00294805376
EU-27,Middle East,Mining,Leather and leather products (19),0.00032922695
EU-27,Middle East,Mining,Textiles (17),0.00093325088
EU-27,Middle East,Mining,Wearing apparel; furs (18),0.00089297567
EU-27,Middle East,Services,Leather and leather products (19),0.00083190891
EU-27,Middle East,Services,Textiles (17),0.00232001403
EU-27,Middle East,Services,Wearing apparel; furs (18),0.00271239804
EU-27,Middle East,Textiles (17),Leather and leather products (19),0.00138264951
EU-27,Middle East,Textiles (17),Textiles (17),0.06932977928
EU-27,Middle East,Textiles (17),Wearing apparel; furs (18),0.02297125367
EU-27,Middle East,Wearing apparel; furs (18),Leather and leather products (19),0.00014047996
EU-27,Middle East,Wearing apparel; furs (18),Textiles (17),0.00022261267
EU-27,Middle East,Wearing apparel; furs (18),Wearing apparel; furs (18),0.0594594622
EU-27,Middle East,Wood products,Leather and leather products (19),3.437537e-05
EU-27,Middle East,Wood products,Textiles (17),9.462736e-05
EU-27,Middle East,Wood products,Wearing apparel; furs (18),0.00010512968
EU-27,North America,"Agriculture, animal products",Leather and leather products (19),0.00017538457
EU-27,North America,"Agriculture, animal products",Textiles (17),0.00017759298
EU-27,North America,"Agriculture, animal products",Wearing apparel; furs (18),0.00018472818
EU-27,North America,"Agriculture, fibre crops",Leather and leather products (19),6.698629e-05
EU-27,North America,"Agriculture, fibre crops",Textiles (17),0.0010648129
EU-27,North America,"Agriculture, fibre crops",Wearing apparel; furs (18),0.00064868036
EU-27,North America,"Agriculture, other crops",Leather and leather products (19),0.00037394686
EU-27,North America,"Agriculture, other crops",Textiles (17),0.00048132403
EU-27,North America,"Agriculture, other crops",Wearing apparel; furs (18),0.0007607777
EU-27,North America,Electricity,Leather and leather products (19),0.00061834298
EU-27,North America,Electricity,Textiles (17),0.00174340487
EU-27,North America,Electricity,Wearing apparel; furs (18),0.00120181237
EU-27,North America,Fish,Leather and leather products (19),1.45125e-06
EU-27,North America,Fish,Textiles (17),1.80307e-06
EU-27,North America,Fish,Wearing apparel; furs (18),1.8516e-06
EU-27,North America,Food products,Leather and leather products (19),0.00043139203
EU-27,North America,Food products,Textiles (17),6.201641e-05
EU-27,North America,Food products,Wearing apparel; furs (18),0.00014313682
EU-27,North America,Forestry,Leather and leather products (19),2.164969e-05
EU-27,North America,Forestry,Textiles (17),2.516702e-05
EU-27,North America,Forestry,Wearing apparel; furs (18),3.162934e-05
EU-27,North America,Fossil fuels,Leather and leather products (19),0.00091603284
EU-27,North America,Fossil fuels,Textiles (17),0.00194851447
EU-27,North America,Fossil fuels,Wearing apparel; furs (18),0.00199237801
EU-27,North America,Leather and leather products (19),Leather and leather products (19),0.00029641502
EU-27,North America,Leather and leather products (19),Textiles (17),5.23241e-06
EU-27,North America,Leather and leather products (19),Wearing apparel; furs (18),1.355052e-05
EU-27,North America,Manufactured products,Leather and leather products (19),0.00066624461
EU-27,North America,Manufactured products,Textiles (17),0.00250379325
EU-27,North America,Manufactured products,Wearing apparel; furs (18),0.00139298681
EU-27,North America,Mining,Leather and leather products (19),5.847671e-05
EU-27,North America,Mining,Textiles (17),0.00014761861
EU-27,North America,Mining,Wearing apparel; furs (18),0.00013235114
EU-27,North America,Services,Leather and leather products (19),0.00040887748
EU-27,North America,Services,Textiles (17),0.00095617431
EU-27,North America,Services,Wearing apparel; furs (18),0.00089919837
EU-27,North America,Textiles (17),Leather and leather products (19),2.161486e-05
EU-27,North America,Textiles (17),Textiles (17),0.00074896449
EU-27,North America,Textiles (17),Wearing apparel; furs (18),0.00021324384
EU-27,North America,Wearing apparel; furs (18),Leather and leather products (19),1.0682e-06
EU-27,North America,Wearing apparel; furs (18),Textiles (17),2.55769e-06
EU-27,North America,Wearing apparel; furs (18),Wearing apparel; furs (18),0.00028898385
EU-27,North America,Wood products,Leather and leather products (19),9.746973e-05
EU-27,North America,Wood products,Textiles (17),0.00013104519
EU-27,North America,Wood products,Wearing apparel; furs (18),0.00014380164
EU-27,Rest of Europe,"Agriculture, animal products",Leather and leather products (19),0.00062434652
EU-27,Rest of Europe,"Agriculture, animal products",Textiles (17),0.00111623791
EU-27,Rest of Europe,"Agriculture, animal products",Wearing apparel; furs (18),0.00279079385
EU-27,Rest of Europe,"Agriculture, fibre crops",Leather and leather products (19),6.08656e-06
EU-27,Rest of Europe,"Agriculture, fibre crops",Textiles (17),0.00026238156
EU-27,Rest of Europe,"Agriculture, fibre crops",Wearing apparel; furs (18),0.0001181418
EU-27,Rest of Europe,"Agriculture, other crops",Leather and leather products (19),0.0003074397
EU-27,Rest of Europe,"Agriculture, other crops",Textiles (17),0.00041379121
EU-27,Rest of Europe,"Agriculture, other crops",Wearing apparel; furs (18),0.001117447
EU-27,Rest of Europe,Electricity,Leather and leather products (19),0.00081424575
EU-27,Rest of Europe,Electricity,Textiles (17),0.0021579545
EU-27,Rest of Europe,Electricity,Wearing apparel; furs (18),0.00462620985
EU-27,Rest of Europe,Fish,Leather and leather products (19),6.86905e-06
EU-27,Rest of Europe,Fish,Textiles (17),7.8837e-06
EU-27,Rest of Europe,Fish,Wearing apparel; furs (18),2.343924e-05
EU-27,Rest of Europe,Food products,Leather and leather products (19),4.859817e-05
EU-27,Rest of Europe,Food products,Textiles (17),5.103958e-05
EU-27,Rest of Europe,Food products,Wearing apparel; furs (18),0.00018386069
EU-27,Rest of Europe,Forestry,Leather and leather products (19),1.228677e-05
EU-27,Rest of Europe,Forestry,Textiles (17),4.041164e-05
EU-27,Rest of Europe,Forestry,Wearing apparel; furs (18),5.018613e-05
EU-27,Rest of Europe,Fossil fuels,Leather and leather products (19),0.0010885738
EU-27,Rest of Europe,Fossil fuels,Textiles (17),0.00339824864
EU-27,Rest of Europe,Fossil fuels,Wearing apparel; furs (18),0.00762604464
EU-27,Rest of Europe,Leather and leather products (19),Leather and leather products (19),0.00039729447
EU-27,Rest of Europe,Leather and leather products (19),Textiles (17),2.56811e-06
EU-27,Rest of Europe,Leather and leather products (19),Wearing apparel; furs (18),1.877259e-05
EU-27,Rest of Europe,Manufactured products,Leather and leather products (19),0.00061553299
EU-27,Rest of Europe,Manufactured products,Textiles (17),0.00128697403
EU-27,Rest of Europe,Manufactured products,Wearing apparel; furs (18),0.00301770904
EU-27,Rest of Europe,Mining,Leather and leather products (19),6.285146e-05
EU-27,Rest of Europe,Mining,Textiles (17),0.00011302437
EU-27,Rest of Europe,Mining,Wearing apparel; furs (18),0.00035843762
EU-27,Rest of Europe,Services,Leather and leather products (19),0.0012291707
EU-27,Rest of Europe,Services,Textiles (17),0.00245751629
EU-27,Rest of Europe,Services,Wearing apparel; furs (18),0.00865461854
EU-27,Rest of Europe,Textiles (17),Leather and leather products (19),2.063658e-05
EU-27,Rest of Europe,Textiles (17),Textiles (17),0.00119127529
EU-27,Rest of Europe,Textiles (17),Wearing apparel; furs (18),0.00043172942
EU-27,Rest of Europe,Wearing apparel; furs (18),Leather and leather products (19),6.9453e-06
EU-27,Rest of Europe,Wearing apparel; furs (18),Textiles (17),5.80965e-06
EU-27,Rest of Europe,Wearing apparel; furs (18),Wearing apparel; furs (18),0.00182808672
EU-27,Rest of Europe,Wood products,Leather and leather products (19),7.94589e-05
EU-27,Rest of Europe,Wood products,Textiles (17),0.00019083802
EU-27,Rest of Europe,Wood products,Wearing apparel; furs (18),0.00029043859
world,Africa,"Agriculture, animal products",Leather and leather products (19),0.1428238366
world,Africa,"Agriculture, animal products",Textiles (17),0.03470331128
world,Africa,"Agriculture, animal products",Wearing apparel; furs (18),0.08183580038
world,Africa,"Agriculture, fibre crops",Leather and leather products (19),0.00012348091
world,Africa,"Agriculture, fibre crops",Textiles (17),0.00520686936
world,Africa,"Agriculture, fibre crops",Wearing apparel; furs (18),0.00190176591
world,Africa,"Agriculture, other crops",Leather and leather products (19),0.00449866515
world,Africa,"Agriculture, other crops",Textiles (17),0.00473201576
world,Africa,"Agriculture, other crops",Wearing apparel; furs (18),0.01000110851
world,Africa,Electricity,Leather and leather products (19),0.02428104603
world,Africa,Electricity,Textiles (17),0.03016951617
world,Africa,Electricity,Wearing apparel; furs (18),0.12814520658
world,Africa,Fish,Leather and leather products (19),2.198407e-05
world,Africa,Fish,Textiles (17),8.8094e-06
world,Africa,Fish,Wearing apparel; furs (18),2.404525e-05
world,Africa,Food products,Leather and leather products (19),0.00130084369
world,Africa,Food products,Textiles (17),0.0006135467
world,Africa,Food products,Wearing apparel; furs (18),0.00365403264
world,Africa,Forestry,Leather and leather products (19),5.381875e-05
world,Africa,Forestry,Textiles (17),7.56699e-05
world,Africa,Forestry,Wearing apparel; furs (18),0.00015616904
world,Africa,Fossil fuels,Leather and leather products (19),0.00896540385
world,Africa,Fossil fuels,Textiles (17),0.02289641375
world,Africa,Fossil fuels,Wearing apparel; furs (18),0.03000477879
world,Africa,Leather and leather products (19),Leather and leather products (19),0.00947604371
world,Africa,Leather and leather products (19),Textiles (17),4.73932e-05
world,Africa,Leather and leather products (19),Wearing apparel; furs (18),0.00015878481
world,Africa,Manufactured products,Leather and leather products (19),0.00347671288
world,Africa,Manufactured products,Textiles (17),0.00636207927
world,Africa,Manufactured products,Wearing apparel; furs (18),0.00943357814
world,Africa,Mining,Leather and leather products (19),0.00132554335
world,Africa,Mining,Textiles (17),0.00163326262
world,Africa,Mining,Wearing apparel; furs (18),0.00322057158
world,Africa,Services,Leather and leather products (19),0.00298049537
world,Africa,Services,Textiles (17),0.00383277
world,Africa,Services,Wearing apparel; furs (18),0.00914877619
world,Africa,Textiles (17),Leather and leather products (19),0.00047605046
world,Africa,Textiles (17),Textiles (17),0.02618525293
world,Africa,Textiles (17),Wearing apparel; furs (18),0.00991850473
world,Africa,Wearing apparel; furs (18),Leather and leather products (19),4.726747e-05
world,Africa,Wearing apparel; furs (18),Textiles (17),5.000527e-05
world,Africa,Wearing apparel; furs (18),Wearing apparel; furs (18),0.08076009515
world,Africa,Wood products,Leather and leather products (19),0.00135963439
world,Africa,Wood products,Textiles (17),0.0019999124
world,Africa,Wood products,Wearing apparel; furs (18),0.00385895449
world,Asia,"Agriculture, animal products",Leather and leather products (19),0.36710824753
world,Asia,"Agriculture, animal products",Textiles (17),0.1363997867
world,Asia,"Agriculture, animal products",Wearing apparel; furs (18),0.22218121063
world,Asia,"Agriculture, fibre crops",Leather and leather products (19),0.0101511861
world,Asia,"Agriculture, fibre crops",Textiles (17),0.09411817752
world,Asia,"Agriculture, fibre crops",Wearing apparel; furs (18),0.09935889681
world,Asia,"Agriculture, other crops",Leather and leather products (19),0.04371325368
world,Asia,"Agriculture, other crops",Textiles (17),0.06471421809
world,Asia,"Agriculture, other crops",Wearing apparel; furs (18),0.14719025705
world,Asia,Electricity,Leather and leather products (19),0.29053452916
world,Asia,Electricity,Textiles (17),0.63814970627
world,Asia,Electricity,Wearing apparel; furs (18),0.98574210136
world,Asia,Fish,Leather and leather products (19),5.642746e-05
world,Asia,Fish,Textiles (17),9.464419e-05
world,Asia,Fish,Wearing apparel; furs (18),0.0001279299
world,Asia,Food products,Leather and leather products (19),0.00691557611
world,Asia,Food products,Textiles (17),0.00666402029
world,Asia,Food products,Wearing apparel; furs (18),0.02220149959
world,Asia,Forestry,Leather and leather products (19),0.00166511338
world,Asia,Forestry,Textiles (17),0.00355394812
world,Asia,Forestry,Wearing apparel; furs (18),0.00559399929
world,Asia,Fossil fuels,Leather and leather products (19),0.21825880472
world,Asia,Fossil fuels,Textiles (17),0.49811054443
world,Asia,Fossil fuels,Wearing apparel; furs (18),0.86328414575
world,Asia,Leather and leather products (19),Leather and leather products (19),0.18197412788
world,Asia,Leather and leather products (19),Textiles (17),0.00370651863
world,Asia,Leather and leather products (19),Wearing apparel; furs (18),0.00976929157
world,Asia,Manufactured products,Leather and leather products (19),0.15129284518
world,Asia,Manufactured products,Textiles (17),0.38102068965
world,Asia,Manufactured products,Wearing apparel; furs (18),0.59574637979
world,Asia,Mining,Leather and leather products (19),0.00823049936
world,Asia,Mining,Textiles (17),0.01598017748
world,Asia,Mining,Wearing apparel; furs (18),0.02506604996
world,Asia,Services,Leather and leather products (19),0.09136899277
world,Asia,Services,Textiles (17),0.34332525269
world,Asia,Services,Wearing apparel; furs (18),0.36298081954
world,Asia,Textiles (17),Leather and leather products (19),0.01283946885
world,Asia,Textiles (17),Textiles (17),0.28105933476
world,Asia,Textiles (17),Wearing apparel; furs (18),0.15867291313
world,Asia,Wearing apparel; furs (18),Leather and leather products (19),0.00137990198
world,Asia,Wearing apparel; furs (18),Textiles (17),0.0041432505
world,Asia,Wearing apparel; furs (18),Wearing apparel; furs (18),0.64294820834
world,Asia,Wood products,Leather and leather products (19),0.01457405301
world,Asia,Wood products,Textiles (17),0.02390475045
world,Asia,Wood products,Wearing apparel; furs (18),0.03499474715
world,Australia,"Agriculture, animal products",Leather and leather products (19),0.00207960012
world,Australia,"Agriculture, animal products",Textiles (17),0.0038898021
world,Australia,"Agriculture, animal products",Wearing apparel; furs (18),0.00550689962
world,Australia,"Agriculture, fibre crops",Leather and leather products (19),7.15816e-05
world,Australia,"Agriculture, fibre crops",Textiles (17),0.0007610248
world,Australia,"Agriculture, fibre crops",Wearing apparel; furs (18),0.00070393912
world,Australia,"Agriculture, other crops",Leather and leather products (19),0.00036263966
world,Australia,"Agriculture, other crops",Textiles (17),0.00077300763
world,Australia,"Agriculture, other crops",Wearing apparel; furs (18),0.00117831612
world,Australia,Electricity,Leather and leather products (19),0.00082797737
world,Australia,Electricity,Textiles (17),0.00197123466
world,Australia,Electricity,Wearing apparel; furs (18),0.00266563883
world,Australia,Fish,Leather and leather products (19),1.5994e-07
world,Australia,Fish,Textiles (17),2.2517e-07
world,Australia,Fish,Wearing apparel; furs (18),5.1327e-07
world,Australia,Food products,Leather and leather products (19),0.00012586486
world,Australia,Food products,Textiles (17),8.782127e-05
world,Australia,Food products,Wearing apparel; furs (18),0.00057202617
world,Australia,Forestry,Leather and leather products (19),2.647531e-05
world,Australia,Forestry,Textiles (17),3.359756e-05
world,Australia,Forestry,Wearing apparel; furs (18),7.510756e-05
world,Australia,Fossil fuels,Leather and leather products (19),0.00289311311
world,Australia,Fossil fuels,Textiles (17),0.00738390114
world,Australia,Fossil fuels,Wearing apparel; furs (18),0.00863283178
world,Australia,Leather and leather products (19),Leather and leather products (19),3.710734e-05
world,Australia,Leather and leather products (19),Textiles (17),1.16096e-06
world,Australia,Leather and leather products (19),Wearing apparel; furs (18),2.5462e-06
world,Australia,Manufactured products,Leather and leather products (19),0.00037585614
world,Australia,Manufactured products,Textiles (17),0.00124130421
world,Australia,Manufactured products,Wearing apparel; furs (18),0.00128131719
world,Australia,Mining,Leather and leather products (19),0.00022662799
world,Australia,Mining,Textiles (17),0.00038885827
world,Australia,Mining,Wearing apparel; furs (18),0.00064574564
world,Australia,Services,Leather and leather products (19),0.00046350228
world,Australia,Services,Textiles (17),0.00124984947
world,Australia,Services,Wearing apparel; furs (18),0.00144341911
world,Australia,Textiles (17),Leather and leather products (19),5.88689e-06
world,Australia,Textiles (17),Textiles (17),0.00054908177
world,Australia,Textiles (17),Wearing apparel; furs (18),7.734084e-05
world,Australia,Wearing apparel; furs (18),Leather and leather products (19),1.19867e-06
world,Australia,Wearing apparel; furs (18),Textiles (17),2.28619e-06
world,Australia,Wearing apparel; furs (18),Wearing apparel; furs (18),0.00037636438
world,Australia,Wood products,Leather and leather products (19),2.80607e-05
world,Australia,Wood products,Textiles (17),3.691079e-05
world,Australia,Wood products,Wearing apparel; furs (18),5.884281e-05
world,EU,"Agriculture, animal products",Leather and leather products (19),0.01197058823
world,EU,"Agriculture, animal products",Textiles (17),0.00348440382
world,EU,"Agriculture, animal products",Wearing apparel; furs (18),0.00827702989
world,EU,"Agriculture, fibre crops",Leather and leather products (19),4.318813e-05
world,EU,"Agriculture, fibre crops",Textiles (17),0.0011300638
world,EU,"Agriculture, fibre crops",Wearing apparel; furs (18),0.00053279824
world,EU,"Agriculture, other crops",Leather and leather products (19),0.00286875137
world,EU,"Agriculture, other crops",Textiles (17),0.00336458926
world,EU,"Agriculture, other crops",Wearing apparel; furs (18),0.01277920646
world,EU,Electricity,Leather and leather products (19),0.01619143725
world,EU,Electricity,Textiles (17),0.04108365577
world,EU,Electricity,Wearing apparel; furs (18),0.04182494287
world,EU,Fish,Leather and leather products (19),2.617096e-05
world,EU,Fish,Textiles (17),3.058154e-05
world,EU,Fish,Wearing apparel; furs (18),5.801026e-05
world,EU,Food products,Leather and leather products (19),0.00123721692
world,EU,Food products,Textiles (17),0.00052910024
world,EU,Food products,Wearing apparel; furs (18),0.00113460998
world,EU,Forestry,Leather and leather products (19),0.00025239767
world,EU,Forestry,Textiles (17),0.00036061431
world,EU,Forestry,Wearing apparel; furs (18),0.00055044012
world,EU,Fossil fuels,Leather and leather products (19),0.01071602364
world,EU,Fossil fuels,Textiles (17),0.03802214337
world,EU,Fossil fuels,Wearing apparel; furs (18),0.04265521377
world,EU,Leather and leather products (19),Leather and leather products (19),0.00596625237
world,EU,Leather and leather products (19),Textiles (17),3.804504e-05
world,EU,Leather and leather products (19),Wearing apparel; furs (18),0.00014614932
world,EU,Manufactured products,Leather and leather products (19),0.01266124411
world,EU,Manufactured products,Textiles (17),0.01899219167
world,EU,Manufactured products,Wearing apparel; furs (18),0.02131219148
world,EU,Mining,Leather and leather products (19),0.00121113738
world,EU,Mining,Textiles (17),0.00201512117
world,EU,Mining,Wearing apparel; furs (18),0.00437850679
world,EU,Services,Leather and leather products (19),0.02233311229
world,EU,Services,Textiles (17),0.03767680661
world,EU,Services,Wearing apparel; furs (18),0.05286721342
world,EU,Textiles (17),Leather and leather products (19),0.00042172584
world,EU,Textiles (17),Textiles (17),0.02102022416
world,EU,Textiles (17),Wearing apparel; furs (18),0.00566089057
world,EU,Wearing apparel; furs (18),Leather and leather products (19),0.00021300836
world,EU,Wearing apparel; furs (18),Textiles (17),0.00022408254
world,EU,Wearing apparel; furs (18),Wearing apparel; furs (18),0.05614137597
world,EU,Wood products,Leather and leather products (19),0.00154451369
world,EU,Wood products,Textiles (17),0.0022616016
world,EU,Wood products,Wearing apparel; furs (18),0.00249566992
world,Latin America,"Agriculture, animal products",Leather and leather products (19),0.03131352026
world,Latin America,"Agriculture, animal products",Textiles (17),0.01473839847
world,Latin America,"Agriculture, animal products",Wearing apparel; furs (18),0.01796446293
world,Latin America,"Agriculture, fibre crops",Leather and leather products (19),0.00027027322
world,Latin America,"Agriculture, fibre crops",Textiles (17),0.00536607526
world,Latin America,"Agriculture, fibre crops",Wearing apparel; furs (18),0.00262555668
world,Latin America,"Agriculture, other crops",Leather and leather products (19),0.0033896292
world,Latin America,"Agriculture, other crops",Textiles (17),0.00475024841
world,Latin America,"Agriculture, other crops",Wearing apparel; furs (18),0.00605964591
world,Latin America,Electricity,Leather and leather products (19),0.01692535923
world,Latin America,Electricity,Textiles (17),0.02565626073
world,Latin America,Electricity,Wearing apparel; furs (18),0.02014841117
world,Latin America,Fish,Leather and leather products (19),3.126308e-05
world,Latin America,Fish,Textiles (17),2.540907e-05
world,Latin America,Fish,Wearing apparel; furs (18),4.573574e-05
world,Latin America,Food products,Leather and leather products (19),0.00642135771
world,Latin America,Food products,Textiles (17),0.00160647726
world,Latin America,Food products,Wearing apparel; furs (18),0.00398239022
world,Latin America,Forestry,Leather and leather products (19),0.0004091671
world,Latin America,Forestry,Textiles (17),0.0002843002
world,Latin America,Forestry,Wearing apparel; furs (18),0.00036401149
world,Latin America,Fossil fuels,Leather and leather products (19),0.01794008252
world,Latin America,Fossil fuels,Textiles (17),0.04770557992
world,Latin America,Fossil fuels,Wearing apparel; furs (18),0.06988478166
world,Latin America,Leather and leather products (19),Leather and leather products (19),0.01990743671
world,Latin America,Leather and leather products (19),Textiles (17),0.00011281351
world,Latin America,Leather and leather products (19),Wearing apparel; furs (18),0.00018088133
world,Latin America,Manufactured products,Leather and leather products (19),0.01180024791
world,Latin America,Manufactured products,Textiles (17),0.0114009704
world,Latin America,Manufactured products,Wearing apparel; furs (18),0.01006951548
world,Latin America,Mining,Leather and leather products (19),0.00212338062
world,Latin America,Mining,Textiles (17),0.00366428007
world,Latin America,Mining,Wearing apparel; furs (18),0.00472649943
world,Latin America,Services,Leather and leather products (19),0.00941573795
world,Latin America,Services,Textiles (17),0.01645657099
world,Latin America,Services,Wearing apparel; furs (18),0.02095674761
world,Latin America,Textiles (17),Leather and leather products (19),0.00033721687
world,Latin America,Textiles (17),Textiles (17),0.02927228447
world,Latin America,Textiles (17),Wearing apparel; furs (18),0.00300667653
world,Latin America,Wearing apparel; furs (18),Leather and leather products (19),0.00026207477
world,Latin America,Wearing apparel; furs (18),Textiles (17),0.00034183156
world,Latin America,Wearing apparel; furs (18),Wearing apparel; furs (18),0.05429316524
world,Latin America,Wood products,Leather and leather products (19),0.00098183697
world,Latin America,Wood products,Textiles (17),0.00068207467
world,Latin America,Wood products,Wearing apparel; furs (18),0.00098580399
world,Middle East,"Agriculture, animal products",Leather and leather products (19),0.00250146139
world,Middle East,"Agriculture, animal products",Textiles (17),0.00600505926
world,Middle East,"Agriculture, animal products",Wearing apparel; furs (18),0.00537696725
world,Middle East,"Agriculture, fibre crops",Leather and leather products (19),3.888349e-05
world,Middle East,"Agriculture, fibre crops",Textiles (17),0.00230367974
world,Middle East,"Agriculture, fibre crops",Wearing apparel; furs (18),0.00068182867
world,Middle East,"Agriculture, other crops",Leather and leather products (19),0.00097208374
world,Middle East,"Agriculture, other crops",Textiles (17),0.00273789403
world,Middle East,"Agriculture, other crops",Wearing apparel; furs (18),0.00278380828
world,Middle East,Electricity,Leather and leather products (19),0.00883122321
world,Middle East,Electricity,Textiles (17),0.04125603344
world,Middle East,Electricity,Wearing apparel; furs (18),0.03470781528
world,Middle East,Fish,Leather and leather products (19),3.1895e-07
world,Middle East,Fish,Textiles (17),7.3211e-07
world,Middle East,Fish,Wearing apparel; furs (18),8.8773e-07
world,Middle East,Food products,Leather and leather products (19),0.00021657438
world,Middle East,Food products,Textiles (17),0.00020864375
world,Middle East,Food products,Wearing apparel; furs (18),0.00050283065
world,Middle East,Forestry,Leather and leather products (19),4.84564e-06
world,Middle East,Forestry,Textiles (17),2.144427e-05
world,Middle East,Forestry,Wearing apparel; furs (18),1.716181e-05
world,Middle East,Fossil fuels,Leather and leather products (19),0.01851253198
world,Middle East,Fossil fuels,Textiles (17),0.0581238392
world,Middle East,Fossil fuels,Wearing apparel; furs (18),0.06150626609
world,Middle East,Leather and leather products (19),Leather and leather products (19),0.0044465473
world,Middle East,Leather and leather products (19),Textiles (17),4.954139e-05
world,Middle East,Leather and leather products (19),Wearing apparel; furs (18),0.00010674766
world,Middle East,Manufactured products,Leather and leather products (19),0.00574074509
world,Middle East,Manufactured products,Textiles (17),0.03139531376
world,Middle East,Manufactured products,Wearing apparel; furs (18),0.02401472788
world,Middle East,Mining,Leather and leather products (19),0.00212153508
world,Middle East,Mining,Textiles (17),0.00754586812
world,Middle East,Mining,Wearing apparel; furs (18),0.00746590541
world,Middle East,Services,Leather and leather products (19),0.00588787746
world,Middle East,Services,Textiles (17),0.01420859007
world,Middle East,Services,Wearing apparel; furs (18),0.01884624863
world,Middle East,Textiles (17),Leather and leather products (19),0.00502518238
world,Middle East,Textiles (17),Textiles (17),0.41364663681
world,Middle East,Textiles (17),Wearing apparel; furs (18),0.09723083814
world,Middle East,Wearing apparel; furs (18),Leather and leather products (19),0.00047821636
world,Middle East,Wearing apparel; furs (18),Textiles (17),0.00159004172
world,Middle East,Wearing apparel; furs (18),Wearing apparel; furs (18),0.56642463834
world,Middle East,Wood products,Leather and leather products (19),0.00020335162
world,Middle East,Wood products,Textiles (17),0.00065553531
world,Middle East,Wood products,Wearing apparel; furs (18),0.00073278179
world,North America,"Agriculture, animal products",Leather and leather products (19),0.00398200059
world,North America,"Agriculture, animal products",Textiles (17),0.00230133091
world,North America,"Agriculture, animal products",Wearing apparel; furs (18),0.0034524942
world,North America,"Agriculture, fibre crops",Leather and leather products (19),0.00051783727
world,North America,"Agriculture, fibre crops",Textiles (17),0.00951257935
world,North America,"Agriculture, fibre crops",Wearing apparel; furs (18),0.00665563513
world,North America,"Agriculture, other crops",Leather and leather products (19),0.00342214263
world,North America,"Agriculture, other crops",Textiles (17),0.00457378319
world,North America,"Agriculture, other crops",Wearing apparel; furs (18),0.00714541467
world,North America,Electricity,Leather and leather products (19),0.00811293867
world,North America,Electricity,Textiles (17),0.05662601229
world,North America,Electricity,Wearing apparel; furs (18),0.02830309254
world,North America,Fish,Leather and leather products (19),1.280263e-05
world,North America,Fish,Textiles (17),1.38687e-05
world,North America,Fish,Wearing apparel; furs (18),2.239189e-05
world,North America,Food products,Leather and leather products (19),0.01120048475
world,North America,Food products,Textiles (17),0.00079631081
world,North America,Food products,Wearing apparel; furs (18),0.00268704594
world,North America,Forestry,Leather and leather products (19),0.00023619974
world,North America,Forestry,Textiles (17),0.0004050509
world,North America,Forestry,Wearing apparel; furs (18),0.00054727917
world,North America,Fossil fuels,Leather and leather products (19),0.00784950308
world,North America,Fossil fuels,Textiles (17),0.02646218344
world,North America,Fossil fuels,Wearing apparel; furs (18),0.02099538042
world,North America,Leather and leather products (19),Leather and leather products (19),0.00791715986
world,North America,Leather and leather products (19),Textiles (17),0.00010785316
world,North America,Leather and leather products (19),Wearing apparel; furs (18),0.00017023178
world,North America,Manufactured products,Leather and leather products (19),0.00668063205
world,North America,Manufactured products,Textiles (17),0.04051369563
world,North America,Manufactured products,Wearing apparel; furs (18),0.0195892851
world,North America,Mining,Leather and leather products (19),0.00042217958
world,North America,Mining,Textiles (17),0.00176642202
world,North America,Mining,Wearing apparel; furs (18),0.00136946933
world,North America,Services,Leather and leather products (19),0.00469500949
world,North America,Services,Textiles (17),0.0277687085
world,North America,Services,Wearing apparel; furs (18),0.01996283552
world,North America,Textiles (17),Leather and leather products (19),0.00031343071
world,North America,Textiles (17),Textiles (17),0.07284045835
world,North America,Textiles (17),Wearing apparel; furs (18),0.00723404735
world,North America,Wearing apparel; furs (18),Leather and leather products (19),5.45537e-06
world,North America,Wearing apparel; furs (18),Textiles (17),0.00014746407
world,North America,Wearing apparel; furs (18),Wearing apparel; furs (18),0.04694019106
world,North America,Wood products,Leather and leather products (19),0.00108112068
world,North America,Wood products,Textiles (17),0.00257319564
world,North America,Wood products,Wearing apparel; furs (18),0.00232820716
world,Rest of Europe,"Agriculture, animal products",Leather and leather products (19),0.00467018232
world,Rest of Europe,"Agriculture, animal products",Textiles (17),0.00358767315
world,Rest of Europe,"Agriculture, animal products",Wearing apparel; furs (18),0.00769256704
world,Rest of Europe,"Agriculture, fibre crops",Leather and leather products (19),2.75812e-05
world,Rest of Europe,"Agriculture, fibre crops",Textiles (17),0.00082948064
world,Rest of Europe,"Agriculture, fibre crops",Wearing apparel; furs (18),0.00027536771
world,Rest of Europe,"Agriculture, other crops",Leather and leather products (19),0.00163181551
world,Rest of Europe,"Agriculture, other crops",Textiles (17),0.00169898202
world,Rest of Europe,"Agriculture, other crops",Wearing apparel; furs (18),0.00384705191
world,Rest of Europe,Electricity,Leather and leather products (19),0.0053012166
world,Rest of Europe,Electricity,Textiles (17),0.00633367997
world,Rest of Europe,Electricity,Wearing apparel; furs (18),0.01222292148
world,Rest of Europe,Fish,Leather and leather products (19),3.116973e-05
world,Rest of Europe,Fish,Textiles (17),2.995862e-05
world,Rest of Europe,Fish,Wearing apparel; furs (18),7.625513e-05
world,Rest of Europe,Food products,Leather and leather products (19),0.00031101113
world,Rest of Europe,Food products,Textiles (17),0.00018947658
world,Rest of Europe,Food products,Wearing apparel; furs (18),0.00055221596
world,Rest of Europe,Forestry,Leather and leather products (19),4.792949e-05
world,Rest of Europe,Forestry,Textiles (17),7.77326e-05
world,Rest of Europe,Forestry,Wearing apparel; furs (18),0.00013470582
world,Rest of Europe,Fossil fuels,Leather and leather products (19),0.00746652002
world,Rest of Europe,Fossil fuels,Textiles (17),0.00896527351
world,Rest of Europe,Fossil fuels,Wearing apparel; furs (18),0.01988339652
world,Rest of Europe,Leather and leather products (19),Leather and leather products (19),0.00333575227
world,Rest of Europe,Leather and leather products (19),Textiles (17),6.75159e-06
world,Rest of Europe,Leather and leather products (19),Wearing apparel; furs (18),3.975432e-05
world,Rest of Europe,Manufactured products,Leather and leather products (19),0.0032263177
world,Rest of Europe,Manufactured products,Textiles (17),0.00384856635
world,Rest of Europe,Manufactured products,Wearing apparel; furs (18),0.00844256864
world,Rest of Europe,Mining,Leather and leather products (19),0.00033252803
world,Rest of Europe,Mining,Textiles (17),0.00036626947
world,Rest of Europe,Mining,Wearing apparel; furs (18),0.00103846326
world,Rest of Europe,Services,Leather and leather products (19),0.00866057443
world,Rest of Europe,Services,Textiles (17),0.00717717695
world,Rest of Europe,Services,Wearing apparel; furs (18),0.02326717292
world,Rest of Europe,Textiles (17),Leather and leather products (19),6.941091e-05
world,Rest of Europe,Textiles (17),Textiles (17),0.00360562957
world,Rest of Europe,Textiles (17),Wearing apparel; furs (18),0.00096244266
world,Rest of Europe,Wearing apparel; furs (18),Leather and leather products (19),1.156225e-05
world,Rest of Europe,Wearing apparel; furs (18),Textiles (17),8.87478e-06
world,Rest of Europe,Wearing apparel; furs (18),Wearing apparel; furs (18),0.00491013588
world,Rest of Europe,Wood products,Leather and leather products (19),0.00029769744
world,Rest of Europe,Wood products,Textiles (17),0.00040503108
world,Rest of Europe,Wood products,Wearing apparel; furs (18),0.00070109702
